archetype,tariff,scenario,year,month,monthly_bill_eur
A,T1,automated,2023,1,130.961856076146
A,T1,automated,2023,2,114.16262452035095
A,T1,automated,2023,3,113.69317947815455
A,T1,automated,2023,4,106.3918875763123
A,T1,automated,2023,5,99.4255215726651
A,T1,automated,2023,6,92.35816747631817
A,T1,automated,2023,7,96.76003120969676
A,T1,automated,2023,8,94.8635301401773
A,T1,automated,2023,9,94.84698838355976
A,T1,automated,2023,10,108.31492749089716
A,T1,automated,2023,11,113.93903406542616
A,T1,automated,2023,12,129.28225201029568
A,T1,automated,2024,1,129.92156523595614
A,T1,automated,2024,2,117.60652426654514
A,T1,automated,2024,3,114.23267203796911
A,T1,automated,2024,4,104.50324526996711
A,T1,automated,2024,5,98.83899644469706
A,T1,automated,2024,6,92.75249321176425
A,T1,automated,2024,7,95.63535463117701
A,T1,automated,2024,8,95.14157987409234
A,T1,automated,2024,9,95.09305765604756
A,T1,automated,2024,10,107.82443608219185
A,T1,automated,2024,11,114.61940098648596
A,T1,automated,2024,12,128.83067430310632
A,T1,automated,2025,1,130.31988717243775
A,T1,automated,2025,2,114.23771579787848
A,T1,automated,2025,3,114.97742390972196
A,T1,automated,2025,4,105.24234862439738
A,T1,automated,2025,5,99.94097168555737
A,T1,automated,2025,6,92.8520535132237
A,T1,automated,2025,7,95.9619500944759
A,T1,automated,2025,8,95.72771753384227
A,T1,automated,2025,9,94.47899446912349
A,T1,automated,2025,10,107.71520281873985
A,T1,automated,2025,11,115.2802013810946
A,T1,automated,2025,12,128.26553299950714
A,T1,passive,2023,1,130.961856076146
A,T1,passive,2023,2,114.16262452035095
A,T1,passive,2023,3,113.69317947815455
A,T1,passive,2023,4,106.3918875763123
A,T1,passive,2023,5,99.4255215726651
A,T1,passive,2023,6,92.35816747631817
A,T1,passive,2023,7,96.76003120969676
A,T1,passive,2023,8,94.8635301401773
A,T1,passive,2023,9,94.84698838355976
A,T1,passive,2023,10,108.31492749089716
A,T1,passive,2023,11,113.93903406542616
A,T1,passive,2023,12,129.28225201029568
A,T1,passive,2024,1,129.92156523595614
A,T1,passive,2024,2,117.60652426654514
A,T1,passive,2024,3,114.23267203796911
A,T1,passive,2024,4,104.50324526996711
A,T1,passive,2024,5,98.83899644469706
A,T1,passive,2024,6,92.75249321176425
A,T1,passive,2024,7,95.63535463117701
A,T1,passive,2024,8,95.14157987409234
A,T1,passive,2024,9,95.09305765604756
A,T1,passive,2024,10,107.82443608219185
A,T1,passive,2024,11,114.61940098648596
A,T1,passive,2024,12,128.83067430310632
A,T1,passive,2025,1,130.31988717243775
A,T1,passive,2025,2,114.23771579787848
A,T1,passive,2025,3,114.97742390972196
A,T1,passive,2025,4,105.24234862439738
A,T1,passive,2025,5,99.94097168555737
A,T1,passive,2025,6,92.8520535132237
A,T1,passive,2025,7,95.9619500944759
A,T1,passive,2025,8,95.72771753384227
A,T1,passive,2025,9,94.47899446912349
A,T1,passive,2025,10,107.71520281873985
A,T1,passive,2025,11,115.2802013810946
A,T1,passive,2025,12,128.26553299950714
A,T2,automated,2023,1,141.01258305530362
A,T2,automated,2023,2,126.63972659645859
A,T2,automated,2023,3,116.4629055058435
A,T2,automated,2023,4,107.3271227347657
A,T2,automated,2023,5,93.04988519347148
A,T2,automated,2023,6,90.34171205493762
A,T2,automated,2023,7,88.3362948372209
A,T2,automated,2023,8,93.289528826689
A,T2,automated,2023,9,94.93864777258548
A,T2,automated,2023,10,105.13563037482986
A,T2,automated,2023,11,113.44175358884668
A,T2,automated,2023,12,118.92687715676077
A,T2,automated,2024,1,123.29840864637404
A,T2,automated,2024,2,105.52536485649004
A,T2,automated,2024,3,102.70869742189727
A,T2,automated,2024,4,91.80035248711337
A,T2,automated,2024,5,87.48261174453177
A,T2,automated,2024,6,83.38252052474623
A,T2,automated,2024,7,84.38947929340286
A,T2,automated,2024,8,87.85689127571798
A,T2,automated,2024,9,87.79248204008415
A,T2,automated,2024,10,104.54375003852384
A,T2,automated,2024,11,122.21398788858073
A,T2,automated,2024,12,135.10600135055213
A,T2,automated,2025,1,139.48760506021637
A,T2,automated,2025,2,127.10097508726044
A,T2,automated,2025,3,112.80588286542886
A,T2,automated,2025,4,96.04810924368357
A,T2,automated,2025,5,86.91861538266866
A,T2,automated,2025,6,79.71952694074338
A,T2,automated,2025,7,91.2521780235999
A,T2,automated,2025,8,86.82036284014319
A,T2,automated,2025,9,88.84201766966932
A,T2,automated,2025,10,103.63884415944477
A,T2,automated,2025,11,118.89289716070596
A,T2,automated,2025,12,128.82425129801396
A,T2,passive,2023,1,143.39815527105705
A,T2,passive,2023,2,128.5720355553627
A,T2,passive,2023,3,118.77078050241883
A,T2,passive,2023,4,109.71206734777938
A,T2,passive,2023,5,96.03682920717011
A,T2,passive,2023,6,92.9208312501431
A,T2,passive,2023,7,91.76133979612501
A,T2,passive,2023,8,96.08664583353831
A,T2,passive,2023,9,98.67593650546219
A,T2,passive,2023,10,108.07771790907644
A,T2,passive,2023,11,115.43887394158641
A,T2,passive,2023,12,120.27014385881556
A,T2,passive,2024,1,124.65041043746993
A,T2,passive,2024,2,106.67809136676401
A,T2,passive,2024,3,104.61492948696576
A,T2,passive,2024,4,94.58862885355173
A,T2,passive,2024,5,90.89555538151807
A,T2,passive,2024,6,86.86527070282841
A,T2,passive,2024,7,88.00444539956725
A,T2,passive,2024,8,92.13103424489607
A,T2,passive,2024,9,91.41211522844031
A,T2,passive,2024,10,107.2397060419485
A,T2,passive,2024,11,124.4209101317314
A,T2,passive,2024,12,137.49916470671653
A,T2,passive,2025,1,141.58975473144926
A,T2,passive,2025,2,128.88748907698647
A,T2,passive,2025,3,116.74039861200418
A,T2,passive,2025,4,100.34531376080686
A,T2,passive,2025,5,91.6429035641755
A,T2,passive,2025,6,84.1989102695105
A,T2,passive,2025,7,94.40324871195605
A,T2,passive,2025,8,90.85409972712948
A,T2,passive,2025,9,93.03875439912137
A,T2,passive,2025,10,106.22270746081463
A,T2,passive,2025,11,120.50488338673335
A,T2,passive,2025,12,130.1321982295208
A,T3,automated,2023,1,156.05841842748794
A,T3,automated,2023,2,140.52391780822393
A,T3,automated,2023,3,130.31463522732614
A,T3,automated,2023,4,120.67397798784663
A,T3,automated,2023,5,105.91502565140833
A,T3,automated,2023,6,102.71815452759058
A,T3,automated,2023,7,101.0171202385725
A,T3,automated,2023,8,105.83921374192259
A,T3,automated,2023,9,107.48718884770271
A,T3,automated,2023,10,118.61546123930177
A,T3,automated,2023,11,127.31048382280323
A,T3,automated,2023,12,133.85657017752675
A,T3,automated,2024,1,138.27230931275767
A,T3,automated,2024,2,119.64769708178613
A,T3,automated,2024,3,116.5977323248471
A,T3,automated,2024,4,105.01661067692987
A,T3,automated,2024,5,100.30719478247114
A,T3,automated,2024,6,95.78623008913267
A,T3,automated,2024,7,96.99253482918303
A,T3,automated,2024,8,100.42580295430893
A,T3,automated,2024,9,100.35803847286786
A,T3,automated,2024,10,117.98966408490999
A,T3,automated,2024,11,136.12976457571384
A,T3,automated,2024,12,150.00446838310614
A,T3,automated,2025,1,154.48904915023482
A,T3,automated,2025,2,140.99035875939214
A,T3,automated,2025,3,126.74641635388895
A,T3,automated,2025,4,109.31547543167062
A,T3,automated,2025,5,99.8193985193578
A,T3,automated,2025,6,92.1301209654348
A,T3,automated,2025,7,103.87781719432195
A,T3,automated,2025,8,99.42980514582791
A,T3,automated,2025,9,101.36511246289236
A,T3,automated,2025,10,117.07720487327573
A,T3,automated,2025,11,132.85436730215272
A,T3,automated,2025,12,143.68363957312854
A,T3,passive,2023,1,158.44399064324136
A,T3,passive,2023,2,142.45622676712804
A,T3,passive,2023,3,132.6225102239015
A,T3,passive,2023,4,123.05892260086033
A,T3,passive,2023,5,108.90196966510696
A,T3,passive,2023,6,105.29727372279606
A,T3,passive,2023,7,104.44216519747661
A,T3,passive,2023,8,108.63633074877191
A,T3,passive,2023,9,111.22447758057942
A,T3,passive,2023,10,121.55754877354833
A,T3,passive,2023,11,129.30760417554296
A,T3,passive,2023,12,135.19983687958154
A,T3,passive,2024,1,139.62431110385356
A,T3,passive,2024,2,120.8004235920601
A,T3,passive,2024,3,118.5039643899156
A,T3,passive,2024,4,107.80488704336823
A,T3,passive,2024,5,103.72013841945744
A,T3,passive,2024,6,99.26898026721486
A,T3,passive,2024,7,100.6075009353474
A,T3,passive,2024,8,104.69994592348701
A,T3,passive,2024,9,103.97767166122402
A,T3,passive,2024,10,120.68562008833464
A,T3,passive,2024,11,138.3366868188645
A,T3,passive,2024,12,152.39763173927054
A,T3,passive,2025,1,156.59119882146769
A,T3,passive,2025,2,142.77687274911816
A,T3,passive,2025,3,130.68093210046428
A,T3,passive,2025,4,113.6126799487939
A,T3,passive,2025,5,104.54368670086464
A,T3,passive,2025,6,96.60950429420193
A,T3,passive,2025,7,107.02888788267812
A,T3,passive,2025,8,103.46354203281422
A,T3,passive,2025,9,105.56184919234441
A,T3,passive,2025,10,119.6610681746456
A,T3,passive,2025,11,134.46635352818012
A,T3,passive,2025,12,144.9915865046354
B,T1,automated,2023,1,362.70979717304436
B,T1,automated,2023,2,343.9661627338893
B,T1,automated,2023,3,312.1132664729056
B,T1,automated,2023,4,248.46979180112749
B,T1,automated,2023,5,147.71707892115444
B,T1,automated,2023,6,91.39960748591024
B,T1,automated,2023,7,90.72661002761754
B,T1,automated,2023,8,89.56722268767138
B,T1,automated,2023,9,96.07853585303627
B,T1,automated,2023,10,182.42973249312098
B,T1,automated,2023,11,311.3368686862422
B,T1,automated,2023,12,375.3053256642802
B,T1,automated,2024,1,452.59353565696455
B,T1,automated,2024,2,294.5541080589391
B,T1,automated,2024,3,277.6935630580793
B,T1,automated,2024,4,202.26603226583006
B,T1,automated,2024,5,109.25752114547802
B,T1,automated,2024,6,97.6145921697519
B,T1,automated,2024,7,89.92812990163563
B,T1,automated,2024,8,86.60211691973294
B,T1,automated,2024,9,113.09150315504095
B,T1,automated,2024,10,196.7041452700417
B,T1,automated,2024,11,337.1545602749973
B,T1,automated,2024,12,394.36019212350857
B,T1,automated,2025,1,390.17004279156754
B,T1,automated,2025,2,367.225603469924
B,T1,automated,2025,3,279.47786824726984
B,T1,automated,2025,4,177.79822221471193
B,T1,automated,2025,5,150.58726419566108
B,T1,automated,2025,6,90.92805933442709
B,T1,automated,2025,7,88.35405721203377
B,T1,automated,2025,8,95.2073690714947
B,T1,automated,2025,9,116.37365507130484
B,T1,automated,2025,10,206.4825716757896
B,T1,automated,2025,11,313.28474475910986
B,T1,automated,2025,12,375.9305419567058
B,T1,passive,2023,1,362.70979717304436
B,T1,passive,2023,2,343.9661627338893
B,T1,passive,2023,3,312.1132664729056
B,T1,passive,2023,4,248.46979180112749
B,T1,passive,2023,5,147.71707892115444
B,T1,passive,2023,6,91.39960748591024
B,T1,passive,2023,7,90.72661002761754
B,T1,passive,2023,8,89.56722268767138
B,T1,passive,2023,9,96.07853585303627
B,T1,passive,2023,10,182.42973249312098
B,T1,passive,2023,11,311.3368686862422
B,T1,passive,2023,12,375.3053256642802
B,T1,passive,2024,1,452.59353565696455
B,T1,passive,2024,2,294.5541080589391
B,T1,passive,2024,3,277.6935630580793
B,T1,passive,2024,4,202.26603226583006
B,T1,passive,2024,5,109.25752114547802
B,T1,passive,2024,6,97.6145921697519
B,T1,passive,2024,7,89.92812990163563
B,T1,passive,2024,8,86.60211691973294
B,T1,passive,2024,9,113.09150315504095
B,T1,passive,2024,10,196.7041452700417
B,T1,passive,2024,11,337.1545602749973
B,T1,passive,2024,12,394.36019212350857
B,T1,passive,2025,1,390.17004279156754
B,T1,passive,2025,2,367.225603469924
B,T1,passive,2025,3,279.47786824726984
B,T1,passive,2025,4,177.79822221471193
B,T1,passive,2025,5,150.58726419566108
B,T1,passive,2025,6,90.92805933442709
B,T1,passive,2025,7,88.35405721203377
B,T1,passive,2025,8,95.2073690714947
B,T1,passive,2025,9,116.37365507130484
B,T1,passive,2025,10,206.4825716757896
B,T1,passive,2025,11,313.28474475910986
B,T1,passive,2025,12,375.9305419567058
B,T2,automated,2023,1,395.4642509749516
B,T2,automated,2023,2,381.45732582704335
B,T2,automated,2023,3,323.44161752237136
B,T2,automated,2023,4,253.05762393971833
B,T2,automated,2023,5,140.552240139844
B,T2,automated,2023,6,89.1664457249499
B,T2,automated,2023,7,82.17745124781892
B,T2,automated,2023,8,87.71976122493209
B,T2,automated,2023,9,96.03634405196888
B,T2,automated,2023,10,177.61462676919513
B,T2,automated,2023,11,311.13819038755463
B,T2,automated,2023,12,350.88177862406064
B,T2,automated,2024,1,431.86512134034103
B,T2,automated,2024,2,262.14692104772473
B,T2,automated,2024,3,248.23144666992278
B,T2,automated,2024,4,181.96672327891002
B,T2,automated,2024,5,96.58823750502378
B,T2,automated,2024,6,87.53327493283453
B,T2,automated,2024,7,78.1350622017456
B,T2,automated,2024,8,79.28413398627748
B,T2,automated,2024,9,103.26590081754482
B,T2,automated,2024,10,187.45581912018133
B,T2,automated,2024,11,355.79424851201827
B,T2,automated,2024,12,410.7153215585122
B,T2,automated,2025,1,414.1166045153689
B,T2,automated,2025,2,406.5199293520774
B,T2,automated,2025,3,276.90838623696527
B,T2,automated,2025,4,164.60866140560785
B,T2,automated,2025,5,135.32056155322232
B,T2,automated,2025,6,77.21295881978412
B,T2,automated,2025,7,83.63441359011831
B,T2,automated,2025,8,86.03111828637364
B,T2,automated,2025,9,110.56354682193584
B,T2,automated,2025,10,194.3639218439211
B,T2,automated,2025,11,320.85953565883676
B,T2,automated,2025,12,372.9798997562635
B,T2,passive,2023,1,404.52960348391906
B,T2,passive,2023,2,389.4003342175968
B,T2,passive,2023,3,331.15797779983245
B,T2,passive,2023,4,259.6497875614284
B,T2,passive,2023,5,144.75389444062841
B,T2,passive,2023,6,91.8728123328583
B,T2,passive,2023,7,85.65972570848875
B,T2,passive,2023,8,90.65703629680662
B,T2,passive,2023,9,100.14410923856693
B,T2,passive,2023,10,183.63010116189514
B,T2,passive,2023,11,318.15473314515765
B,T2,passive,2023,12,355.8366023388823
B,T2,passive,2024,1,436.6955974120944
B,T2,passive,2024,2,266.3054368104489
B,T2,passive,2024,3,253.4396042038968
B,T2,passive,2024,4,187.66034985441456
B,T2,passive,2024,5,100.39359180991566
B,T2,passive,2024,6,91.47510094729203
B,T2,passive,2024,7,81.82528276953694
B,T2,passive,2024,8,83.57626788308991
B,T2,passive,2024,9,107.88274300127719
B,T2,passive,2024,10,193.57607643198412
B,T2,passive,2024,11,365.95438244075115
B,T2,passive,2024,12,422.6162853326614
B,T2,passive,2025,1,424.43707866043957
B,T2,passive,2025,2,414.9004491774476
B,T2,passive,2025,3,287.2450674751035
B,T2,passive,2025,4,172.0811354750859
B,T2,passive,2025,5,141.98020225220932
B,T2,passive,2025,6,81.89643284848118
B,T2,passive,2025,7,86.81584232131681
B,T2,passive,2025,8,90.24144130199625
B,T2,passive,2025,9,116.01614292688187
B,T2,passive,2025,10,200.3986313667777
B,T2,passive,2025,11,327.80247513947563
B,T2,passive,2025,12,378.3444261478796
B,T3,automated,2023,1,427.24495417947145
B,T3,automated,2023,2,411.9419320393314
B,T3,automated,2023,3,351.72363900266674
B,T3,automated,2023,4,276.93878515115574
B,T3,automated,2023,5,157.466487407946
B,T3,automated,2023,6,102.18641594799587
B,T3,automated,2023,7,95.15088460607998
B,T3,automated,2023,8,100.61302451537551
B,T3,automated,2023,9,109.37985584872546
B,T3,automated,2023,10,196.9292071228073
B,T3,automated,2023,11,339.3665250100884
B,T3,automated,2023,12,383.53344560276497
B,T3,automated,2024,1,469.8611635965125
B,T3,automated,2024,2,289.2147504522868
B,T3,automated,2024,3,274.1333921721956
B,T3,automated,2024,4,202.65295695599448
B,T3,automated,2024,5,110.84305832531311
B,T3,automated,2024,6,100.98300294814021
B,T3,automated,2024,7,91.0532817383222
B,T3,automated,2024,8,91.97236421976766
B,T3,automated,2024,9,117.78583631273865
B,T3,automated,2024,10,207.75745582757054
B,T3,automated,2024,11,385.8078416191421
B,T3,automated,2024,12,444.68460680305265
B,T3,automated,2025,1,447.7961465959696
B,T3,automated,2025,2,438.6128944595855
B,T3,automated,2025,3,302.93371403184744
B,T3,automated,2025,4,183.6029790822657
B,T3,automated,2025,5,152.43327825442765
B,T3,automated,2025,6,90.20032212538226
B,T3,automated,2025,7,96.4437881273342
B,T3,automated,2025,8,99.31439007743901
B,T3,automated,2025,9,125.3104386867989
B,T3,automated,2025,10,215.34172352317805
B,T3,automated,2025,11,349.22256327954443
B,T3,automated,2025,12,405.6747995967022
B,T3,passive,2023,1,436.31030668843886
B,T3,passive,2023,2,419.8849404298848
B,T3,passive,2023,3,359.43999928012784
B,T3,passive,2023,4,283.5309487728659
B,T3,passive,2023,5,161.6681417087304
B,T3,passive,2023,6,104.89278255590429
B,T3,passive,2023,7,98.63315906674981
B,T3,passive,2023,8,103.55029958725005
B,T3,passive,2023,9,113.4876210353235
B,T3,passive,2023,10,202.94468151550728
B,T3,passive,2023,11,346.38306776769144
B,T3,passive,2023,12,388.4882693175867
B,T3,passive,2024,1,474.69163966826585
B,T3,passive,2024,2,293.373266215011
B,T3,passive,2024,3,279.3415497061697
B,T3,passive,2024,4,208.34658353149902
B,T3,passive,2024,5,114.648412630205
B,T3,passive,2024,6,104.9248289625977
B,T3,passive,2024,7,94.74350230611354
B,T3,passive,2024,8,96.26449811658009
B,T3,passive,2024,9,122.40267849647103
B,T3,passive,2024,10,213.87771313937336
B,T3,passive,2024,11,395.96797554787497
B,T3,passive,2024,12,456.58557057720185
B,T3,passive,2025,1,458.11662074104026
B,T3,passive,2025,2,446.99341428495575
B,T3,passive,2025,3,313.2703952699856
B,T3,passive,2025,4,191.07545315174372
B,T3,passive,2025,5,159.0929189534147
B,T3,passive,2025,6,94.88379615407933
B,T3,passive,2025,7,99.62521685853271
B,T3,passive,2025,8,103.52471309306162
B,T3,passive,2025,9,130.76303479174493
B,T3,passive,2025,10,221.37643304603466
B,T3,passive,2025,11,356.1655027601833
B,T3,passive,2025,12,411.0393259883183
B,T4,automated,2023,1,403.2356207350802
B,T4,automated,2023,2,388.59665294662443
B,T4,automated,2023,3,329.83452458331476
B,T4,automated,2023,4,260.78997681101407
B,T4,automated,2023,5,151.02557662675838
B,T4,automated,2023,6,103.59150805226453
B,T4,automated,2023,7,97.29943857926334
B,T4,automated,2023,8,102.65233623771842
B,T4,automated,2023,9,110.74755263092646
B,T4,automated,2023,10,189.47606983843852
B,T4,automated,2023,11,319.6075927826138
B,T4,automated,2023,12,358.83028543655405
B,T4,automated,2024,1,438.3088807777234
B,T4,automated,2024,2,269.99377693200205
B,T4,automated,2024,3,254.65532972165985
B,T4,automated,2024,4,191.40105235924747
B,T4,automated,2024,5,110.19900282676983
B,T4,automated,2024,6,101.93456370818642
B,T4,automated,2024,7,93.53541201650394
B,T4,automated,2024,8,95.22900965839943
B,T4,automated,2024,9,117.19579072291972
B,T4,automated,2024,10,197.32547965904345
B,T4,automated,2024,11,363.4058579321424
B,T4,automated,2024,12,417.84994294400946
B,T4,automated,2025,1,420.62955746927406
B,T4,automated,2025,2,412.80192629698945
B,T4,automated,2025,3,283.86199945948636
B,T4,automated,2025,4,174.98159335786946
B,T4,automated,2025,5,146.80178966987197
B,T4,automated,2025,6,92.66436994876914
B,T4,automated,2025,7,99.35694513786864
B,T4,automated,2025,8,101.17990870847801
B,T4,automated,2025,9,124.18652268253778
B,T4,automated,2025,10,204.5625372230717
B,T4,automated,2025,11,328.8444183439603
B,T4,automated,2025,12,380.4746145979215
B,T4,passive,2023,1,422.3727508101847
B,T4,passive,2023,2,405.54404865796516
B,T4,passive,2023,3,346.5903708436904
B,T4,passive,2023,4,273.82218388781047
B,T4,passive,2023,5,158.561108960098
B,T4,passive,2023,6,108.87747027882638
B,T4,passive,2023,7,103.24543955463436
B,T4,passive,2023,8,108.43108340674706
B,T4,passive,2023,9,117.66943665260109
B,T4,passive,2023,10,201.4706639729624
B,T4,passive,2023,11,335.68730545809484
B,T4,passive,2023,12,373.4994825249997
B,T4,passive,2024,1,453.2152044459671
B,T4,passive,2024,2,282.85401148107286
B,T4,passive,2024,3,267.5252033620632
B,T4,passive,2024,4,202.3209397335663
B,T4,passive,2024,5,116.60604992881434
B,T4,passive,2024,6,108.16824544952776
B,T4,passive,2024,7,99.35843250209592
B,T4,passive,2024,8,101.48633458227394
B,T4,passive,2024,9,124.96035427811617
B,T4,passive,2024,10,209.5671677297766
B,T4,passive,2024,11,383.32809210612595
B,T4,passive,2024,12,440.24370473421817
B,T4,passive,2025,1,441.6214774213503
B,T4,passive,2025,2,430.4216841101551
B,T4,passive,2025,3,301.02215804519705
B,T4,passive,2025,4,185.82885224294284
B,T4,passive,2025,5,156.34112784485788
B,T4,passive,2025,6,99.09794368277947
B,T4,passive,2025,7,104.57950495855056
B,T4,passive,2025,8,107.35306084381128
B,T4,passive,2025,9,132.84113406502624
B,T4,passive,2025,10,217.1241147205803
B,T4,passive,2025,11,344.64374907781234
B,T4,passive,2025,12,395.5832264717552
C,T1,automated,2023,1,199.25849991176244
C,T1,automated,2023,2,174.85652862994
C,T1,automated,2023,3,181.989823313771
C,T1,automated,2023,4,172.15428483658627
C,T1,automated,2023,5,167.72216540828157
C,T1,automated,2023,6,158.12056473659214
C,T1,automated,2023,7,165.05667504531323
C,T1,automated,2023,8,163.16017397579373
C,T1,automated,2023,9,160.60938564383372
C,T1,automated,2023,10,176.61157132651363
C,T1,automated,2023,11,179.70143132570013
C,T1,automated,2023,12,197.57889584591214
C,T1,automated,2024,1,198.0035597714753
C,T1,automated,2024,2,180.63387399332106
C,T1,automated,2024,3,182.31466657348824
C,T1,automated,2024,4,170.05791740111465
C,T1,automated,2024,5,166.92099098021617
C,T1,automated,2024,6,158.3071653429118
C,T1,automated,2024,7,163.71734916669612
C,T1,automated,2024,8,163.2235744096115
C,T1,automated,2024,9,160.6477297871951
C,T1,automated,2024,10,175.906430617711
C,T1,automated,2024,11,180.1740731176335
C,T1,automated,2024,12,196.91266883862545
C,T1,automated,2025,1,198.6165310080542
C,T1,automated,2025,2,174.9316199074675
C,T1,automated,2025,3,183.2740677453384
C,T1,automated,2025,4,171.00474588467137
C,T1,automated,2025,5,168.23761552117384
C,T1,automated,2025,6,158.61445077349765
C,T1,automated,2025,7,164.25859393009233
C,T1,automated,2025,8,164.0243613694587
C,T1,automated,2025,9,160.2413917293975
C,T1,automated,2025,10,176.0118466543563
C,T1,automated,2025,11,181.04259864136856
C,T1,automated,2025,12,196.56217683512358
C,T1,passive,2023,1,199.25849991176244
C,T1,passive,2023,2,174.85652862994
C,T1,passive,2023,3,181.989823313771
C,T1,passive,2023,4,172.15428483658627
C,T1,passive,2023,5,167.72216540828157
C,T1,passive,2023,6,158.12056473659214
C,T1,passive,2023,7,165.05667504531323
C,T1,passive,2023,8,163.16017397579373
C,T1,passive,2023,9,160.60938564383372
C,T1,passive,2023,10,176.61157132651363
C,T1,passive,2023,11,179.70143132570013
C,T1,passive,2023,12,197.57889584591214
C,T1,passive,2024,1,198.0035597714753
C,T1,passive,2024,2,180.63387399332106
C,T1,passive,2024,3,182.31466657348824
C,T1,passive,2024,4,170.05791740111465
C,T1,passive,2024,5,166.92099098021617
C,T1,passive,2024,6,158.3071653429118
C,T1,passive,2024,7,163.71734916669612
C,T1,passive,2024,8,163.2235744096115
C,T1,passive,2024,9,160.6477297871951
C,T1,passive,2024,10,175.906430617711
C,T1,passive,2024,11,180.1740731176335
C,T1,passive,2024,12,196.91266883862545
C,T1,passive,2025,1,198.6165310080542
C,T1,passive,2025,2,174.9316199074675
C,T1,passive,2025,3,183.2740677453384
C,T1,passive,2025,4,171.00474588467137
C,T1,passive,2025,5,168.23761552117384
C,T1,passive,2025,6,158.61445077349765
C,T1,passive,2025,7,164.25859393009233
C,T1,passive,2025,8,164.0243613694587
C,T1,passive,2025,9,160.2413917293975
C,T1,passive,2025,10,176.0118466543563
C,T1,passive,2025,11,181.04259864136856
C,T1,passive,2025,12,196.56217683512358
C,T2,automated,2023,1,206.21385788407076
C,T2,automated,2023,2,190.16689149371888
C,T2,automated,2023,3,185.67558067707637
C,T2,automated,2023,4,174.3856941388753
C,T2,automated,2023,5,160.29467937155368
C,T2,automated,2023,6,157.3855307193212
C,T2,automated,2023,7,152.59021555639902
C,T2,automated,2023,8,161.4694103335383
C,T2,automated,2023,9,162.90430890272245
C,T2,automated,2023,10,167.21865691592575
C,T2,automated,2023,11,172.67415958199734
C,T2,automated,2023,12,177.92651996497995
C,T2,automated,2024,1,183.8898415282327
C,T2,automated,2024,2,159.01998011165512
C,T2,automated,2024,3,163.81341913057685
C,T2,automated,2024,4,149.11244825822274
C,T2,automated,2024,5,150.3393098731342
C,T2,automated,2024,6,144.8896124309518
C,T2,automated,2024,7,148.2264987695051
C,T2,automated,2024,8,156.062170127522
C,T2,automated,2024,9,150.83991426882505
C,T2,automated,2024,10,167.85362196241408
C,T2,automated,2024,11,186.94213076744518
C,T2,automated,2024,12,196.73073570005437
C,T2,automated,2025,1,205.62025865610678
C,T2,automated,2025,2,193.13779700506865
C,T2,automated,2025,3,183.02227413255213
C,T2,automated,2025,4,162.12584759984793
C,T2,automated,2025,5,153.3999960333536
C,T2,automated,2025,6,140.545289954442
C,T2,automated,2025,7,160.03720713318893
C,T2,automated,2025,8,154.94076472370483
C,T2,automated,2025,9,154.24856749843644
C,T2,automated,2025,10,168.05510614574615
C,T2,automated,2025,11,182.34546291413062
C,T2,automated,2025,12,192.2525891404797
C,T2,passive,2023,1,222.0655027025639
C,T2,passive,2023,2,202.4644061033079
C,T2,passive,2023,3,197.262806701049
C,T2,passive,2023,4,184.93868464229996
C,T2,passive,2023,5,169.53544016607424
C,T2,passive,2023,6,167.34725505151295
C,T2,passive,2023,7,165.57293705639898
C,T2,passive,2023,8,174.53121466915474
C,T2,passive,2023,9,180.6093245191608
C,T2,passive,2023,10,184.4931329775696
C,T2,passive,2023,11,185.1485371265179
C,T2,passive,2023,12,185.01461355059638
C,T2,passive,2024,1,191.91315855905464
C,T2,passive,2024,2,165.4159607315181
C,T2,passive,2024,3,172.19769331893298
C,T2,passive,2024,4,161.8107348986337
C,T2,passive,2024,5,163.55555094162736
C,T2,passive,2024,6,159.1219749378011
C,T2,passive,2024,7,161.40902412224483
C,T2,passive,2024,8,171.32881583642614
C,T2,passive,2024,9,166.18885173800317
C,T2,passive,2024,10,182.73495382200315
C,T2,passive,2024,11,200.7897593462123
C,T2,passive,2024,12,212.6611271384105
C,T2,passive,2025,1,219.6683170602164
C,T2,passive,2025,2,203.18439849479466
C,T2,passive,2025,3,197.5415749818672
C,T2,passive,2025,4,174.64283447998497
C,T2,passive,2025,5,166.96500613266863
C,T2,passive,2025,6,156.278160954442
C,T2,passive,2025,7,170.30877730784647
C,T2,passive,2025,8,167.38401154219798
C,T2,passive,2025,9,172.37523231008026
C,T2,passive,2025,10,181.51169787177355
C,T2,passive,2025,11,191.811326879884
C,T2,passive,2025,12,200.69648110623314
C,T3,automated,2023,1,226.69212476310435
C,T3,automated,2023,2,208.95779503425132
C,T3,automated,2023,3,204.95974190540832
C,T3,automated,2023,4,192.98974117277814
C,T3,automated,2023,5,178.59225133633984
C,T3,automated,2023,6,175.01916497279606
C,T3,automated,2023,7,170.70347246459988
C,T3,automated,2023,8,179.45152675562122
C,T3,automated,2023,9,180.71004175866162
C,T3,automated,2023,10,186.13091928724697
C,T3,automated,2023,11,191.80008159677584
C,T3,automated,2023,12,198.28864449259524
C,T3,automated,2024,1,204.28133099243053
C,T3,automated,2024,2,178.2103792768419
C,T3,automated,2024,3,183.12004283134084
C,T3,automated,2024,4,167.5715343168917
C,T3,automated,2024,5,168.5814817088878
C,T3,automated,2024,6,162.5361498641907
C,T3,automated,2024,7,166.2471431030995
C,T3,automated,2024,8,174.04867060392718
C,T3,automated,2024,9,168.64829857046124
C,T3,automated,2024,10,186.71712480661446
C,T3,automated,2024,11,206.1007353234307
C,T3,automated,2024,12,217.04679153042255
C,T3,automated,2025,1,226.05413425297454
C,T3,automated,2025,2,211.93389300596746
C,T3,automated,2025,3,202.39523912786154
C,T3,automated,2025,4,180.6504055686569
C,T3,automated,2025,5,171.73321067689204
C,T3,automated,2025,6,158.21307575995536
C,T3,automated,2025,7,178.0952778107603
C,T3,automated,2025,8,172.98263853623888
C,T3,automated,2025,9,172.02885407248138
C,T3,automated,2025,10,186.92589836642642
C,T3,automated,2025,11,201.5641248363993
C,T3,automated,2025,12,212.5444089224436
C,T3,passive,2023,1,242.5437695815975
C,T3,passive,2023,2,221.25530964384035
C,T3,passive,2023,3,216.54696792938094
C,T3,passive,2023,4,203.54273167620278
C,T3,passive,2023,5,187.8330121308604
C,T3,passive,2023,6,184.98088930498784
C,T3,passive,2023,7,183.6861939645999
C,T3,passive,2023,8,192.51333109123766
C,T3,passive,2023,9,198.41505737509996
C,T3,passive,2023,10,203.4053953488908
C,T3,passive,2023,11,204.27445914129638
C,T3,passive,2023,12,205.37673807821167
C,T3,passive,2024,1,212.30464802325244
C,T3,passive,2024,2,184.6063598967049
C,T3,passive,2024,3,191.50431701969703
C,T3,passive,2024,4,180.26982095730264
C,T3,passive,2024,5,181.79772277738093
C,T3,passive,2024,6,176.76851237104
C,T3,passive,2024,7,179.42966845583922
C,T3,passive,2024,8,189.31531631283127
C,T3,passive,2024,9,183.99723603963932
C,T3,passive,2024,10,201.5984566662035
C,T3,passive,2024,11,219.94836390219783
C,T3,passive,2024,12,232.97718296877872
C,T3,passive,2025,1,240.10219265708412
C,T3,passive,2025,2,221.98049449569348
C,T3,passive,2025,3,216.91453997717662
C,T3,passive,2025,4,193.1673924487939
C,T3,passive,2025,5,185.2982207762071
C,T3,passive,2025,6,173.94594675995535
C,T3,passive,2025,7,188.36684798541785
C,T3,passive,2025,8,185.42588535473203
C,T3,passive,2025,9,190.15551888412523
C,T3,passive,2025,10,200.38249009245382
C,T3,passive,2025,11,211.0299888021527
C,T3,passive,2025,12,220.98830088819702
C,T4,automated,2023,1,219.25777975890645
C,T4,automated,2023,2,201.7170341873618
C,T4,automated,2023,3,199.79240103839817
C,T4,automated,2023,4,186.4683881354969
C,T4,automated,2023,5,175.01819594530403
C,T4,automated,2023,6,169.2850296747198
C,T4,automated,2023,7,166.42045626045618
C,T4,automated,2023,8,172.68227561500566
C,T4,automated,2023,9,176.5498373294405
C,T4,automated,2023,10,178.96207960393684
C,T4,automated,2023,11,185.96178103571793
C,T4,automated,2023,12,192.61904234828677
C,T4,automated,2024,1,197.68428153480792
C,T4,automated,2024,2,173.23034378448295
C,T4,automated,2024,3,177.37268438202202
C,T4,automated,2024,4,163.24966271599988
C,T4,automated,2024,5,161.47725009684783
C,T4,automated,2024,6,158.5565911658239
C,T4,automated,2024,7,160.93595161209683
C,T4,automated,2024,8,169.70810404888186
C,T4,automated,2024,9,163.92338789615667
C,T4,automated,2024,10,182.05486551468695
C,T4,automated,2024,11,200.28096297374842
C,T4,automated,2024,12,209.76764621957494
C,T4,automated,2025,1,217.87658375293708
C,T4,automated,2025,2,207.10605689859952
C,T4,automated,2025,3,197.17688830476033
C,T4,automated,2025,4,176.5086782880611
C,T4,automated,2025,5,165.28926341434476
C,T4,automated,2025,6,156.14519679660137
C,T4,automated,2025,7,174.01415298483025
C,T4,automated,2025,8,170.7498125668962
C,T4,automated,2025,9,169.37415791835036
C,T4,automated,2025,10,181.48703997644256
C,T4,automated,2025,11,196.50662941017285
C,T4,automated,2025,12,206.90630861300974
C,T4,passive,2023,1,255.1628269472626
C,T4,passive,2023,2,233.61162692023854
C,T4,passive,2023,3,229.535429350042
C,T4,passive,2023,4,216.28875666631882
C,T4,passive,2023,5,201.1462793425643
C,T4,passive,2023,6,198.20974959595267
C,T4,passive,2023,7,196.8789309111411
C,T4,passive,2023,8,205.8425507177454
C,T4,passive,2023,9,211.99978409656376
C,T4,passive,2023,10,216.94077229571766
C,T4,passive,2023,11,217.58880104599191
C,T4,passive,2023,12,218.14829859143745
C,T4,passive,2024,1,224.94306177110929
C,T4,passive,2024,2,197.04384743174322
C,T4,passive,2024,3,204.44510572791242
C,T4,passive,2024,4,193.08966543175328
C,T4,passive,2024,5,195.11749539821767
C,T4,passive,2024,6,189.96004400144034
C,T4,passive,2024,7,192.65730927990506
C,T4,passive,2024,8,202.60609703860788
C,T4,passive,2024,9,197.556882392732
C,T4,passive,2024,10,215.13016931948147
C,T4,passive,2024,11,233.21366973059773
C,T4,passive,2024,12,245.7505727949174
C,T4,passive,2025,1,252.7453646775946
C,T4,passive,2025,2,234.33375449791458
C,T4,passive,2025,3,229.84365329106168
C,T4,passive,2025,4,205.9728920449104
C,T4,passive,2025,5,198.5865470479064
C,T4,passive,2025,6,187.1557866185192
C,T4,passive,2025,7,201.5993974951042
C,T4,passive,2025,8,198.7119724607318
C,T4,passive,2025,9,203.75866467519967
C,T4,passive,2025,10,213.93986415452477
C,T4,passive,2025,11,224.29181796496735
C,T4,passive,2025,12,233.81130307191384
D,T1,automated,2023,1,441.2714410086608
D,T1,automated,2023,2,414.92506684347836
D,T1,automated,2023,3,390.674910308522
D,T1,automated,2023,4,324.49718906140146
D,T1,automated,2023,5,226.2787227567709
D,T1,automated,2023,6,167.4270047461842
D,T1,automated,2023,7,169.288253863234
D,T1,automated,2023,8,168.1288665232878
D,T1,automated,2023,9,172.10593311331024
D,T1,automated,2023,10,260.99137632873743
D,T1,automated,2023,11,387.3642659465162
D,T1,automated,2023,12,453.86696949989664
D,T1,automated,2024,1,530.9405301924837
D,T1,automated,2024,2,367.8464577857151
D,T1,automated,2024,3,356.0405575935984
D,T1,automated,2024,4,278.0857043969776
D,T1,automated,2024,5,187.60451568099717
D,T1,automated,2024,6,173.43426430089943
D,T1,automated,2024,7,168.27512443715477
D,T1,automated,2024,8,164.94911145525208
D,T1,automated,2024,9,188.9111752861885
D,T1,automated,2024,10,275.0511398055608
D,T1,automated,2024,11,412.97423240614484
D,T1,automated,2024,12,472.7071866590277
D,T1,automated,2025,1,468.731686627184
D,T1,automated,2025,2,438.1845075795131
D,T1,automated,2025,3,358.03951208288623
D,T1,automated,2025,4,253.8256194749859
D,T1,automated,2025,5,229.14890803127747
D,T1,automated,2025,6,166.95545659470105
D,T1,automated,2025,7,166.9157010476502
D,T1,automated,2025,8,173.76901290711112
D,T1,automated,2025,9,192.4010523315788
D,T1,automated,2025,10,285.04421551140604
D,T1,automated,2025,11,389.3121420193838
D,T1,automated,2025,12,454.49218579232223
D,T1,passive,2023,1,441.2714410086608
D,T1,passive,2023,2,414.92506684347836
D,T1,passive,2023,3,390.674910308522
D,T1,passive,2023,4,324.49718906140146
D,T1,passive,2023,5,226.2787227567709
D,T1,passive,2023,6,167.4270047461842
D,T1,passive,2023,7,169.288253863234
D,T1,passive,2023,8,168.1288665232878
D,T1,passive,2023,9,172.10593311331024
D,T1,passive,2023,10,260.99137632873743
D,T1,passive,2023,11,387.3642659465162
D,T1,passive,2023,12,453.86696949989664
D,T1,passive,2024,1,530.9405301924837
D,T1,passive,2024,2,367.8464577857151
D,T1,passive,2024,3,356.0405575935984
D,T1,passive,2024,4,278.0857043969776
D,T1,passive,2024,5,187.60451568099717
D,T1,passive,2024,6,173.43426430089943
D,T1,passive,2024,7,168.27512443715477
D,T1,passive,2024,8,164.94911145525208
D,T1,passive,2024,9,188.9111752861885
D,T1,passive,2024,10,275.0511398055608
D,T1,passive,2024,11,412.97423240614484
D,T1,passive,2024,12,472.7071866590277
D,T1,passive,2025,1,468.731686627184
D,T1,passive,2025,2,438.1845075795131
D,T1,passive,2025,3,358.03951208288623
D,T1,passive,2025,4,253.8256194749859
D,T1,passive,2025,5,229.14890803127747
D,T1,passive,2025,6,166.95545659470105
D,T1,passive,2025,7,166.9157010476502
D,T1,passive,2025,8,173.76901290711112
D,T1,passive,2025,9,192.4010523315788
D,T1,passive,2025,10,285.04421551140604
D,T1,passive,2025,11,389.3121420193838
D,T1,passive,2025,12,454.49218579232223
D,T2,automated,2023,1,470.9305258037187
D,T2,automated,2023,2,455.24949072430366
D,T2,automated,2023,3,402.91929269360423
D,T2,automated,2023,4,330.3811953438279
D,T2,automated,2023,5,218.0620343179262
D,T2,automated,2023,6,166.47526438933346
D,T2,automated,2023,7,156.696371966997
D,T2,automated,2023,8,166.16464273178138
D,T2,automated,2023,9,174.2670051821059
D,T2,automated,2023,10,249.96265331029105
D,T2,automated,2023,11,380.6355963807053
D,T2,automated,2023,12,420.1464214322798
D,T2,automated,2024,1,502.72155422219964
D,T2,automated,2024,2,325.90653630288983
D,T2,automated,2024,3,319.6011683786023
D,T2,automated,2024,4,249.5438190500194
D,T2,automated,2024,5,169.70993563362623
D,T2,automated,2024,6,159.30536683904012
D,T2,automated,2024,7,152.23708167784787
D,T2,automated,2024,8,157.75441283808152
D,T2,automated,2024,9,176.57833304628576
D,T2,automated,2024,10,261.0306910440716
D,T2,automated,2024,11,430.7873913908827
D,T2,automated,2024,12,482.6050559080144
D,T2,automated,2025,1,490.5142581112593
D,T2,automated,2025,2,482.8217512698856
D,T2,automated,2025,3,357.38977750408856
D,T2,automated,2025,4,240.95139976177222
D,T2,automated,2025,5,212.06694220390722
D,T2,automated,2025,6,148.30372183348277
D,T2,automated,2025,7,162.68444269970735
D,T2,automated,2025,8,164.41652016993527
D,T2,automated,2025,9,186.23509665070299
D,T2,automated,2025,10,269.04518383022247
D,T2,automated,2025,11,394.57710141226147
D,T2,automated,2025,12,446.67323759872926
D,T2,passive,2023,1,493.4619509154259
D,T2,passive,2023,2,473.557704765542
D,T2,passive,2023,3,419.9150039984626
D,T2,passive,2023,4,345.14140485594896
D,T2,passive,2023,5,228.51750539953252
D,T2,passive,2023,6,176.56423613422817
D,T2,passive,2023,7,169.73632296876275
D,T2,passive,2023,8,179.36660513242305
D,T2,passive,2023,9,192.34249725226556
D,T2,passive,2023,10,270.3105162303883
D,T2,passive,2023,11,398.12939633008915
D,T2,passive,2023,12,430.84607203066315
D,T2,passive,2024,1,514.2233455336791
D,T2,passive,2024,2,335.308306175203
D,T2,passive,2024,3,331.28736803586406
D,T2,passive,2024,4,265.14745589949655
D,T2,passive,2024,5,183.31858737002494
D,T2,passive,2024,6,173.99680518226472
D,T2,passive,2024,7,165.4948614922145
D,T2,passive,2024,8,173.03904947461996
D,T2,passive,2024,9,192.92447951084006
D,T2,passive,2024,10,279.3363242120388
D,T2,passive,2024,11,452.58823165523205
D,T2,passive,2024,12,508.04324776435544
D,T2,passive,2025,1,512.7806409892066
D,T2,passive,2025,2,499.4623585952558
D,T2,passive,2025,3,378.3112438449665
D,T2,passive,2025,4,256.643656194264
D,T2,passive,2025,5,227.56730482070247
D,T2,passive,2025,6,164.24068353341266
D,T2,passive,2025,7,172.98637091720724
D,T2,passive,2025,8,177.03635311706472
D,T2,passive,2025,9,205.61762083784078
D,T2,passive,2025,10,285.9526217777366
D,T2,passive,2025,11,409.3739186326263
D,T2,passive,2025,12,459.1737090245919
D,T3,automated,2023,1,508.14366051508784
D,T3,automated,2023,2,490.64080926535877
D,T3,automated,2023,3,436.633745680749
D,T3,automated,2023,4,359.51954833608727
D,T3,automated,2023,5,240.40871309287752
D,T3,automated,2023,6,184.75242639320135
D,T3,automated,2023,7,175.10223683210737
D,T3,automated,2023,8,184.49033752907414
D,T3,automated,2023,9,192.86770875968435
D,T3,automated,2023,10,274.70966517075254
D,T3,automated,2023,11,414.121122784061
D,T3,automated,2023,12,458.2305199178335
D,T3,automated,2024,1,546.1351852761853
D,T3,automated,2024,2,358.0424326473426
D,T3,automated,2024,3,350.9207026786894
D,T3,automated,2024,4,275.4728805959563
D,T3,automated,2024,5,189.38234525172976
D,T3,automated,2024,6,177.99792272319823
D,T3,automated,2024,7,170.57289001223867
D,T3,automated,2024,8,175.8602318693859
D,T3,automated,2024,9,196.34109641033203
D,T3,automated,2024,10,286.74991654927504
D,T3,automated,2024,11,466.04381236685896
D,T3,automated,2024,12,521.991929950369
D,T3,automated,2025,1,529.6262316987094
D,T3,automated,2025,2,519.8214287061609
D,T3,automated,2025,3,388.84753680582
D,T3,automated,2025,4,265.20290921925204
D,T3,automated,2025,5,234.6120904119619
D,T3,automated,2025,6,166.5482769199028
D,T3,automated,2025,7,180.92624874377256
D,T3,automated,2025,8,183.13222346784997
D,T3,automated,2025,9,206.23918029638793
D,T3,automated,2025,10,295.4554170163288
D,T3,automated,2025,11,428.197320813791
D,T3,automated,2025,12,484.8005689460172
D,T3,passive,2023,1,530.6750856267951
D,T3,passive,2023,2,508.94902330659716
D,T3,passive,2023,3,453.6294569856073
D,T3,passive,2023,4,374.2797578482083
D,T3,passive,2023,5,250.8641841744838
D,T3,passive,2023,6,194.84139813809605
D,T3,passive,2023,7,188.1421878338731
D,T3,passive,2023,8,197.6922999297158
D,T3,passive,2023,9,210.94320082984405
D,T3,passive,2023,10,295.05752809084976
D,T3,passive,2023,11,431.61492273344487
D,T3,passive,2023,12,468.9301705162168
D,T3,passive,2024,1,557.6369765876648
D,T3,passive,2024,2,367.44420251965573
D,T3,passive,2024,3,362.60690233595113
D,T3,passive,2024,4,291.07651744543347
D,T3,passive,2024,5,202.9909969881285
D,T3,passive,2024,6,192.68936106642283
D,T3,passive,2024,7,183.83066982660534
D,T3,passive,2024,8,191.14486850592434
D,T3,passive,2024,9,212.68724287488632
D,T3,passive,2024,10,305.05554971724223
D,T3,passive,2024,11,487.8446526312083
D,T3,passive,2024,12,547.4301218067101
D,T3,passive,2025,1,551.8926145766567
D,T3,passive,2025,2,536.462036031531
D,T3,passive,2025,3,409.76900314669797
D,T3,passive,2025,4,280.89516565174375
D,T3,passive,2025,5,250.1124530287572
D,T3,passive,2025,6,182.48523861983276
D,T3,passive,2025,7,191.22817696127242
D,T3,passive,2025,8,195.75205641497942
D,T3,passive,2025,9,225.62170448352575
D,T3,passive,2025,10,312.3628549638429
D,T3,passive,2025,11,442.99413803415587
D,T3,passive,2025,12,497.30104037187994
D,T4,automated,2023,1,475.2460051528884
D,T4,automated,2023,2,457.6589753781313
D,T4,automated,2023,3,407.43917235728736
D,T4,automated,2023,4,334.2616975301921
D,T4,automated,2023,5,227.13320847607343
D,T4,automated,2023,6,177.1788869906207
D,T4,automated,2023,7,169.94569868200307
D,T4,automated,2023,8,176.88901911443077
D,T4,automated,2023,9,186.5505730076388
D,T4,automated,2023,10,257.5767744617262
D,T4,automated,2023,11,386.01588918672337
D,T4,automated,2023,12,426.24896112148554
D,T4,automated,2024,1,506.46488707450834
D,T4,automated,2024,2,331.788847741475
D,T4,automated,2024,3,323.3613233041698
D,T4,automated,2024,4,257.0691518273027
D,T4,automated,2024,5,178.37011478125746
D,T4,automated,2024,6,171.32070160585843
D,T4,automated,2024,7,164.3318165513681
D,T4,automated,2024,8,171.1586357264996
D,T4,automated,2024,9,187.33507579244215
D,T4,automated,2024,10,268.9913565047093
D,T4,automated,2024,11,435.2750837887746
D,T4,automated,2024,12,486.24781920158864
D,T4,automated,2025,1,492.77988914735624
D,T4,automated,2025,2,486.7597742421949
D,T4,automated,2025,3,361.69083182250006
D,T4,automated,2025,4,249.04067280992427
D,T4,automated,2025,5,218.93129634795415
D,T4,automated,2025,6,162.90949940082396
D,T4,automated,2025,7,176.29156585704672
D,T4,automated,2025,8,179.07938713313555
D,T4,automated,2025,9,198.68714511404465
D,T4,automated,2025,10,276.5793403052635
D,T4,automated,2025,11,400.2749834124534
D,T4,automated,2025,12,452.29492504312697
D,T4,passive,2023,1,524.4692694745683
D,T4,passive,2023,2,501.5916383839926
D,T4,passive,2023,3,448.5115682751972
D,T4,passive,2023,4,372.0533217302762
D,T4,passive,2023,5,255.48889115187885
D,T4,passive,2023,6,206.30841462814146
D,T4,passive,2023,7,200.48620804778506
D,T4,passive,2023,8,210.30482347524023
D,T4,passive,2023,9,222.60734521424493
D,T4,passive,2023,10,301.31525027433224
D,T4,passive,2023,11,428.4014891909715
D,T4,passive,2023,12,461.6731234496572
D,T4,passive,2024,1,543.8711561194644
D,T4,passive,2024,2,364.1381035234226
D,T4,passive,2024,3,358.501170745943
D,T4,passive,2024,4,292.51275889340235
D,T4,passive,2024,5,212.65924904083622
D,T4,passive,2024,6,203.39466279925455
D,T4,passive,2024,7,196.1562147766861
D,T4,passive,2024,8,204.0773197257166
D,T4,passive,2024,9,222.70680390243314
D,T4,passive,2024,10,308.4556190617438
D,T4,passive,2024,11,482.6666544353609
D,T4,passive,2024,12,538.7988707178247
D,T4,passive,2025,1,543.1292109829941
D,T4,passive,2025,2,526.8738127060456
D,T4,passive,2025,3,405.25250564793674
D,T4,passive,2025,4,283.13089351006613
D,T4,passive,2025,5,255.09240164622776
D,T4,passive,2025,6,194.18171491565622
D,T4,passive,2025,7,203.9142047873177
D,T4,passive,2025,8,207.3121438917565
D,T4,passive,2025,9,235.18213252393033
D,T4,passive,2025,10,315.8422763644159
D,T4,passive,2025,11,438.9547131189082
D,T4,passive,2025,12,489.57668058134425
